{
    "averge_document_length": {
        "stars": 6.902255639097745,
        "genres": 2.544,
        "summaries": 417.15413533834584
    },
    "document_count": 266
}